id,text_clean,toxicity,perspective_toxicity,discrepancia
jjj64v,wypierdalac ziomeczki,0.015983011573553,0.8988238,0.882840788426447
1506fcd,internazionale figura merda,0.0108365323394536,0.85173553,0.8408989976605464
lsv310,jest kurwa jakis zart,0.0305676348507404,0.8115627,0.7809950651492595
1jf9zle,seks puta mjesceno,0.0767642259597778,0.8460273,0.7692630740402222
w11ucq,frauen madchen rauchen sind schlampen,0.1442954987287521,0.9029226,0.7586271012712479
13cw4rv,pendejo,0.0063031283207237,0.74954444,0.7432413116792763
1jw037i,kolana suko przychylac tyek anyone drink anything,0.1289151757955551,0.85333383,0.7244186542044448
y01u1v,ustede harian entran robar casa ustedes mismos parten mandarina gajos cabron policia razon ladron,0.0403580032289028,0.7308154,0.6904573967710972
1dt6bb8,basically sugar mommy,0.0557250641286373,0.72028047,0.6645554058713626
148k5vq,faccio berlusconi fatto pagare lira suoi programmi berlusconi stato innovatore sono tutti corrotti cartoni tagliuzzava fare contente mamme pancine licenziato nessuno basta amor basta qualcuno abbia cazzo coraggio mandare documentario sveli tutte malefatte quel maledetto berlusconi dica stanno raccontando sacco stronzate berlusconi cacca punto basta basta lecchinaggio autoincensatorio avanti ieri prego basta,0.1298475712537765,0.78711975,0.6572721787462235
lezi2f,suddenly believe trump still president fake kill michelle obama trans woman holocaust fake really start annoy qanon formerly liberal leaning think oxford vaccine change even though wiki mrna vaccine traditional fake video plane tower nose plane come building holocaust testimony tell okay little anti semetic also like entertain type discussion honest call stupid skeptical spend hour find confirmation oxford covid vaccine mrna could find anything claim video post think genocide although explain light weak keep tell research also think obama michelle obama transwoman tone implicate thing wrong keep thing agree like celebrity bust child trafficking whatnot stuff like make roll seem like become obsess covid oxford sputnik vaccine since allergy part vulnerable group asthma anemia neurological disorder year shot want something similar edit spend money gold reveal trump still president cash anymore politely explain spend money case happen edit health issue start really annoyed constantly hear loud phone every like full blast need sleep early health problem feel terrible lately,0.0990344882011413,0.7510937,0.6520592117988586
12cot46,raga siete rotti cazzo social network apro innervosisco pieno influencer chiamateli come volete completamente privi talento imbarazza vedere loro credono essere talentuosi qualcosa davvero quanto imbarazza gente segue,0.1911529451608657,0.83334327,0.6421903248391343
1kn4hhp,taylor family disgusting tell taylor family like dakota sadistic like whole scene make upset taylor,0.1324994564056396,0.75208336,0.6195839035943604
12jpuwq,right wing freaking trans david book play angel centerfold march band give second thought high school song come think gross inappropriate high schooler,0.1041078343987464,0.718943,0.6148351656012536
p8stdp,tiene derecha fuera usarias para defenderte asesino jodido estas,0.1673511415719986,0.76523775,0.5978866084280015
13oahp7,padre diventando complottaro internet corrompe boomer oggi esce diluviando cosi tanto colpa delle scie chimiche allora metto ridere mondo cattivo quanto pensi mannaggia volto santo manoppello come cazzo viene mente rovina boomer anche facebook suoi sono pieni video quel frittone ronnie perdendo,0.1578184366226196,0.7510937,0.5932752633773803
8z1qpy,feminism shit test feminism macro level compliance test fail rear correctly consequence simply extend adolescence long possible mean woman surround value unattractive drive urge regulate sexual behaviour society wide compliance test fail test even anti feminist camp specific talk understand correctly important understand implore read full piece understand really happen woman gatekeeper gatekeeper commitment want woman want commitment woman give immediately label slut give commitment away easily friend zone keep general rule mind whilst read piece male attractiveness offer thing woman value comfort value attractive number summarise trait indicate potential move dominance hierarchy dominance hierarchy social structure form hunter gatherer society roughly base could value tribe form hierarchy woman mate ensure right would propagate gene throughout human history allow pass gene make perfect evolutionary sense woman tribe would individual mate individual woman high value value tribe mate woman make sense purely evolutionary perspective high value move dominance hierarchy trait usually centre around risk take behaviour ability maintain composure high risk situation balance tightrope foot ground quite impressive building impressive wire width mean level balance display reason immeasurably impressive perform great height risk great people partake risk take behaviour maintain composure whilst inspire admiration people willing venture unknown conquer greatly admire form hero myth centre around behaviour test alpha male high school dweeb walk corridor sudden urge shoulder check dweeb shove locker urge laugh friend whilst adolescent enjoy behaviour well make sense evolutionary perspective tribe right tribe suffer woman child protect provide indicate weak urge toughen urge treat poorly indicate dominance hierarchy force become strong bully give hard time test make strong young often wrestle male adolescent tease mercilessly male bonding usually involve rude joke poke usually enjoy behaviour greatly call banter insecure experience anxiety would likely walk around head hope notice want people look probably want stay invisible would feel insecure ramp anxiety level greatly give speech highschool would fill dread would rely note entirely likely shake speech insecure think highly head anxious future feel regret past insecurity appearance alignment brain capacity different thing lack ability focus present moment forthrightly alpha male ability play social game alpha male head body think would need rely note whilst give speech could free associate instead able think highly dwell past anxious future insecure able thought word action line fighter clear mind fight busy think mean finite amount brain capacity could well fight want achieve flow state think high status able world forthright manner status inclined stagnate live head instead alpha male able actually enjoy give hard time take seriously actually enjoy banter capable free associate thick skin able play social game high school give status particularly hard time simply would response something like worry enjoy game enjoy test know good welcome challenge away people capable partake social game play whilst time evolution make enjoy game structure dominance hierarchy figure alpha beta base behavioural characteristic create resume male measure ability value hunter gatherer tribe make subconscious assessment base behaviour accordingly dominance hierarchy much link banter free associate social game shit test aware shit test tool woman employ test value shit test involve something design whether well value perspective woman hypergamous attract high value mean mate across dominance hierarchy greatly admire someone likely qualify pedestalise want approval prove insult indicate really like would affect emotionally would hurt likewise around someone really care would qualify insult indicate really like probably would even remotely care usually want approval people well high value woman give shit test reaction test indicate whether think well qualify backtrack hear shit test mean pedastalise want approval therefore engage hypergamous instinct likewise react indifference indicate think highly need inspire attraction process respond test counter test playful insult good response think shit test like invitation play game flirt usually involve playful banter light teasing pickup artist call game reason social game play people head rather body think highly particularly good play game society create high value every culture throughout human history give adolescent rite passage would send wood month dark cave something similar transition adolescent young adolescent indecisive need decision make like responsibility easily afraid insecure insecurity around start become really self conscious dwell short coming hunter gatherer perspective useless able value tribe rite passage would problem thrust unknown force become decisive courageous otherwise survive force stop think instead start force stop dwell short coming instead focus actually capable would exit rite passage find confidence experience would something point justify high self esteem survive would reason think highly would behavioural characteristic indicate value tribe modern society fail rite passage modern time consequence extend adolescence long possible indulge sort short term gratification instead example indulge video game life achievement simulator podcast youtuber online forum social life simulator porn life simulator three thing simulation version high value correctly world admirable social life life likely experience feeling accomplishment create digital version social reward make accessible everywhere incentive grow greatly diminish also schooling system allow young form dominance hierarchy correctly prevent learn right bully stop bullying indicate formidable person weak test valuable mean figure fierce mean help rather develop behavioural trait command respect teacher help indicate formidable self reliant teach young teach fight boisterous mean still submit teacher teach ignore biological impulse help grow consequence dominance hierarchy stay static move dominance hierarchy exist make grow ensure bottom always bottom stay bottom throughout entire school life never teach need grow strong become formidable dark place stay bottom dominance hierarchy year young also parent push enough father routinely encourage world conquer father also stop mother coddle much enter world take risk grow individual need help parent need foster independence good recent year make woman feel justin bieber brad pitt onto talk show every woman audience scream lose mind direction role town woman chase throw pantie whereas jessica alba ariana grande onto talk show clap woman view percent reverence throw corollary view bottom percent disdain contempt reason simple look evolutionary perspective woman selector decide propagate gene nature select woman select hence term mother nature woman hill value throw high value ensure right child woman gatekeeper woman sperm hundred year genghis khan woman twin make complete sense brutal come select also explain woman care sexual assault sexual harassment important point train feel hand look woman around size grope likely feel flattered laugh even tell friend brag emotional perspective care however woman train feel hand look identical size grope feel violate feel scared humiliate would horrible experience reason difference reaction woman decide gatekeeper exactly power override ability select grope take power away size difference woman explain care sexual assault fact selector apathetic towards ugly woman value make woman innately uncomfortable cellular level remember fact comfort woman want early piece mention offer woman value comfort comfort willingness commit monogamous ability provide protect woman desire comfort hunter gatherer society would without male protection especially pregnancy offer woman comfort right start friend zoned never value comfort roughly inversely correlate game woman woman game commitment woman give quickly less likely commitment give comfort quickly woman time emotion shoulder high value option multiple woman seduce sleep option less likely commit girl woman fantasy woman want want want commitment option twilight handsome vampire impossibly high value woman want plain jane head lust bore plain jane like girl woman fantasy shade grey also handsome billionaire impossibly high value infatuate plain jane woman project onto want game desirable feminine secure commitment woman love feel feminine love feel petite submissive want feel desirable snap finger induce feeling within require high value evoke feeling within high value life ever able feel truly feminine desirable submissive without high value around desirable compliance test woman test value shit test also test comfort test comfort give compliance test comfort test compliance test nefarious hard spot shit test pervasive must understand relevant ever work work hard cool friend cool hobby shape ambitious great social life catch girlfriend begin give compliance test order test comfort example illustrate compliance test need work much kind prefer soft belly nice cuddle besides could hurt work long hour tired home never spend meaningful time together always spend weekend friend instead like prefer like spend time kayak dangerous hurt plus expensive find activity together instead year later shape stop work long ambitious stop grind long friend long cool hobby girlfriend long attract reason long attract shape loser friend rather fail compliance test compliance test design lower value ensure commitment take away thing make attractive increase comfort fail compliance test bend knee indirectly communicate high value option need woman whatever take make happy remember seek approval people pedastalise woman hypergamous attract pedastalise indicate value fail compliance test control think make happy actually indicate lack abundance extension value long attractive long evoke feeling femininity desirability within make feel submissive sexy high value long feel want feel want dote want cute look lovingly want symbiotic relationship serve treat amazingly bring great bring actually experience unless actually evoke feeling within high value compliance testing start small escalate fail start tiny thing like chore check message forgo activity order activity yield great compliance test keep bend knee suddenly replace massage chore give drum loud spend money rent walk woman want wayf want feel feminine submissive high value evoke feeling continually fail compliance test start evoke feeling disdain contempt within woman view value disdain contempt since fail compliance test value want girlfriend wife right right demand respect command respect feeling femininity desirability evoke within game remember woman game commitment game sexy submissive feminine want order keep around game want game want earn commitment never forget consequence world fill value nowadays weak pursue meaning live crave craving bitch moan complain allegiance anything prefer talk feeling rather implement solution take risk maintain composure stressful situation choose simulation version social reward pursue real thing value number high value western country diminish quickly consequence woman surround value surround make feel uncomfortable cellular level like value even look form sexual gratification repulse want value comfort remember value give comfort quickly woman expect value shoulder beta male serve provide never sexual gratification campaign macro level compliance test design regulate sexual behaviour value also value regulate sexual behaviour woman want value provide comfort without ever ideal want ensure consent every step incredibly hesitant ever escalate hyper vigilant ever trespassing sexually monitor behaviour regulate compliance test macro level remember compliance test start small escalate fail first feminism ramp compliance testing continually bend knee yield test next level ever stop never stop compliance testing never stop even shell former self money provide thank still continue pass compliance test bend knee maintain abundance mentality willing completely change order keep around maintain frame indirectly communicate right leave option need woman status male bend knee instead rail woman unruly slave suppose attempt demand respect instead command respect happen slave unruly slave master crack whip even hard anti feminist camp fall category feminist believe value refuse bend knee suddenly make value value make unruly slave high value spend time argue feminist online watch feminist cringe video anything like high value within world waste youth argue idiot woman encounter anti feminist status unruly male tell anti feminist really help much regard turn tide around come feminism chaos create turn tide around high value woman mgtow high value refuse date value fire quit care value anything bend knee annoy woman change mind high value high value evoke feminine desirable behaviour woman woman often imprint partner politic belief attract hear quote something like woman time feminism hard dick chase around night entirely true woman right unless right want feminine desirable well need high value need formidable risk taker need able banter play game well evoke side woman fully capable love dote partner also cruel emasculating shrew side bring world entirely dependent around side earn many nowadays rail feminism like fight back wrong expect woman macro scale right macro scale right demand respect command respect self evident feminism ramp recent year simply right hardly weak woman respond exactly nature intend antidote recognise individual level need away peter syndrome start behave like ancestor walk street glaze would little recourse somebody decide impose deserve love dote side woman test become formidable competent deserve side woman order become mean become rear correctly need create rite passage individual level recognise part resentful angry want impose tame side integrate shadow take martial learn control part leverage voluntarily somebody trespass approach woman test nature take social risk practice maintain composure whilst routinely thing know outcome stop porn podcast show food negative thought accept shortcoming control choice need stop dwell past regret instead frame lesson make strong person vital thing stop weak option woman love respect loyalty valuable thing world something seek default earn prove communicate capable individual play game well bring alignment nature intend without right woman right complain feminism current societal standard demand change command change fail compliance test chaos descend large deserve come woman world start right problem would dissipate nihilistic attitude dead weakness avoidance responsibility node within network everything ripple effect world meet thousand people life meet thousand people mean person away million people people away billion influence think start know,0.276383489370346,0.8540474,0.5776639106296539
w3fdiy,dammit people realize good deal fake nattie post aggressively argue natural every time sarm goblin make post everyone really really hard convince natural obvious poster want nobody possibly believe steroid could juice disproportionately small bicep natty trust cousin deadass believe quit post people actually,0.215224951505661,0.718943,0.503718048494339
14wqxfu,italian woman interviewee commenters state difference date asian asian confirm asian consistently divorce rate woman every race link asian whole consistently much divorce rate every ethnicity wide percentage margin link link completely demolish bullshit stereotype propagate asian traditional misogynist treat wife poorly small case would woman especially stay married shitty asian option modern technology virtually limitless stereotype complete gain actually date real realise stereotype also realise many significantly positive attribute lead enthusiastically marry importantly stay married another study show amwf actually divorce rate type couple another thread comment summarise well random gift mean nothing later anything meaningful person love always well actually small thing make life easy toss flower random jewellery nothing like boyfriend chinese find similar less traditionally romantic gesture show care behaviour think asian particular service type lover primarily like granddaughter asian boyfriend treat well material thing much thing truly matter relationship suffice another ridiculous stereotype many hold white gentleman also completely debunk statistic anything asian true modern gentleman,0.2396227568387985,0.7105462,0.4709234431612015
1ehdaxg,sporcato tovaglia buona madre consigli venire massacrato botte,0.259979248046875,0.7308154,0.470836151953125
1dz50x5,wuwa launch teach ignore first week feedback first launch first week fill game simple easy story boring game future especially like youtube fast forward week later people gush belobog story appreciate return approachable stylish turn base combat game know literally start success average even genshin time wuwa first launch first week fill game like shit genshin story fuck terrible game kill kuro especially like youtube fast forward week later game still like shit seem much well though people praise combat open world design story start praise come launch last week week fill combat mindless mashing story boring hoyo thinking especially like youtube fast forward like clockwork start narrative slowly turn around positive impression creep talk combat mindless mashing anymore skip story general praise game instead constant doomposting clear personal opinion wrong entitled opinion like least recent experience maybe much heed opening week launch gacha game instead game community first might come common sense guess observation make past year,0.2702587842941284,0.7252971,0.4550383157058716
